poi_id,front_img,title,avg_score,all_comment_num,address
815964272,https://p0.meituan.net/dpmerchantpic/8deefc45348d715cd29502c28770b8dc119302.jpg,青鲨健身私教工作室（CBD店）,5,25,市北区辽阳西路18号兴业大厦西楼临街商铺（近新业广场、CBD、错埠岭地铁口）
171084335,https://p1.meituan.net/dpmerchantpic/ea6ab18771b235428096893821e73225133330.jpg@275w_157h_1e_1c,AMG健身空间（西海岸店）,5,47,黄岛区海景路777号城市阳台欢乐海湾B区B栋3楼4楼
132525943,https://p1.meituan.net/merchantpic/330556b310e0feb9d2a9097892d01e02235983.jpg@275w_157h_1e_1c,浩克健身俱乐部,4.2,10,黄岛区东岳中路与泉城路交汇处锦江丽都商业区内（隐珠艺术文化中心）
1946440109,https://p1.meituan.net/adunion/653731319974528472c3105cf1133110813209.jpg,拉奥健身,5,28,即墨市文峰路广泰大厦四楼五楼
1766043197,https://p0.meituan.net/ugcpic/d1e6348786d599daed906ccd4051dbf9@275w_157h_1e_1c,奥海特游泳健身,4.1,6,黄岛区凤凰山路167号德泰酒店南门一楼
1610215681,https://p0.meituan.net/dpmerchantpic/8548b623d2048023219f970013103328291586.jpg@275w_157h_1e_1c,Qansn 全时健身（梦乐城店）,4.9,53,黄岛区峨眉山路梦乐城佳世客四楼
1484161155,https://p0.meituan.net/adunion/4785dd7ea0be4c596f56be17ad762750230885.jpg,AG 先锋健身,4.4,15,市南区银川西路7-42网点
195024973,https://p1.meituan.net/dpmerchantpic/1caa8725838814c0758a3d10b068835d244626.jpg@275w_157h_1e_1c,ALLFIT普拉提形体私教工作室（蓝海店）,4.4,21,城阳区兴阳路702号蓝海御华大饭店3楼（近世纪公园）
1976091,https://p0.meituan.net/dpmerchantpic/14c00d16e74fc602c7919b5b744339c0128933.jpg@275w_157h_1e_1c,中联运动公园（李沧店）,4.1,353,李沧区兴城路街道永平路80号沧口体育场（板桥坊）
702912957,https://p1.meituan.net/dpmerchantpic/292dbe5ea56f2a841b193137b33b5f18915157.jpg,HEAT GYM,5,189,城阳区荟城路东田社区西门网点（凯莱大酒店北150米）
187912188,https://p1.meituan.net/merchantpic/1e48ce6edd45c375bec1c6014e7fcb8e1250670.jpg@275w_157h_1e_1c,重塑健身工作室（兴阳路店）,5,138,城阳区城阳区兴阳路国家广告产业园9号楼701 702室（通达广场）
194586802,https://p1.meituan.net/merchantpic/b50c253b69ba22ad069274d5e65eebc7169336.jpg@275w_157h_1e_1c,K-EMS 快马仕科技健身,5,43,市南区燕儿岛路25号
159801094,https://p1.meituan.net/merchantpic/8c2df90c6989c9ad91ea30453cab6563569232.jpg,斯里姆健身私教工作室,5,564,黄岛区珠江路1377号（瑞泰假日工商银行旁）
1939143554,https://p1.meituan.net/dpmerchantpic/84761d6a4680fe257c9d41c0b11a21e9468806.jpg@275w_157h_1e_1c,全时游泳健身（李沧店）,4.5,1,李沧区黑龙江中路万达广场5楼
184292744,https://p1.meituan.net/dpmerchantpic/51a0a2db419c99ae5ad30f08cc93f718517931.jpg@275w_157h_1e_1c,正体健身游泳会所（城阳店）,4.4,44,城阳区长城路天一仁和财富中心九号楼三楼（水悦城对面）
166010386,https://p1.meituan.net/merchantpic/e7082dbe3ef40282e56339c2a11a08f63583536.jpg,TOP TEAM搏击俱乐部,5,91,市北区敦化路328号诺德广场B座2903室
534418069,https://p1.meituan.net/dpmerchantpic/c1e18d7de2e1597c7b7c89db8c0d305877425.jpg@275w_157h_1e_1c,Power健身工作室,5,43,城阳区瑞阳路60号
99162986,https://p0.meituan.net/dpmerchantpic/59cfb47a913e44a09f74176a7244f930196186.jpg@275w_157h_1e_1c,28度c游泳健身汇馆,4.4,15,城阳区正阳中路151号德泰大酒店
194292103,https://p0.meituan.net/dpdeal/a1195831ab6a8f34bb6d909050d2f718120517.jpg,青壹健身私教工作室（大拇指广场店）,5,126,崂山区大拇指广场东侧中船重工科技大厦1号楼西单元1901室（近丽达购物广场、近金狮购物广场）
193416301,https://p0.meituan.net/dpmerchantpic/6537466cb8e466b0168c86ea099acd3b437359.jpg@275w_157h_1e_1c,浩瀚健身工作室,5,46,市南区南京路96号
193215220,https://p0.meituan.net/dpmerchantpic/ad7e3ff12b80fc2389760c9869279c12957097.jpg@275w_157h_1e_1c,拳心时代健身搏击（香江路旗舰店）,5,43,黄岛区太行山路551号西海岸一号文化体育产业园内一层（进门最北侧）
1483359879,https://p1.meituan.net/dpmerchantpic/3e72e9b193ae42105323379b64e0a3e0851418.jpg,凯尔纳健身,3.5,0,市南区闽江二路33号
169974294,https://p1.meituan.net/merchantpic/d66820f60284d72ae99147e25d147dbb213647.jpg@275w_157h_1e_1c,莫牛健身工作室(国贸大厦店)）,5,203,黄岛区长江中路226号国贸大厦B座37楼3701室
190925886,https://p0.meituan.net/dpmerchantpic/0dd6dc362d2c46e43495e166ee33d120143328.jpg@275w_157h_1e_1c,吕先生健身（唐岛湾店）,5,52,黄岛区漓江西路676号唐岛湾步行街105106号网点
193698990,https://p0.meituan.net/adunion/0c0cc31040c2683c8504dbcfe7f6694b894122.jpg,艾威精品健身私教 · 减脂（麦凯乐店）,5,110,市南区燕儿岛路17号C1栋二层
195021805,https://p0.meituan.net/dpmerchantpic/8548b623d2048023219f970013103328291586.jpg@275w_157h_1e_1c,Qansn 全时健身运动中心（天泰幸福工场店）,4.7,53,城阳区黑龙江中路28号
185485354,https://p1.meituan.net/joymerchant/-1101959269890821338-48532982-1544408278769.jpg@275w_157h_1e_1c,中联运动公园（即墨店）,4.5,341,即墨市皋虞路568号
158769410,https://p0.meituan.net/merchantpic/b57f7f3b1a81cf802205547aae9a0f73683583.jpg,魔力丫健身训练营,5,44,崂山区劲松七路77号古早文化城南一层A6（同兴路与劲松七路交叉口）
1411312271,https://p1.meituan.net/merchantpic/0ab95facf97d7ddfe46061359c4d3ce7549938.jpg@275w_157h_1e_1c,Z健身综合馆（CBD店）,4.7,13,市北区徐州路160号利群宇恒大厦商铺二层A户
165319764,https://p0.meituan.net/dpmerchantpic/fc6a9b375efba6f5150454408f95175a34158.jpg@275w_157h_1e_1c,S-Dream+健身工作室（星光里店）,5,29,崂山区秦岭路15号海韵东方607室（金狮广场）
165704947,https://p1.meituan.net/adunion/029875a00d45453c6e26a3ddb4710910418657.jpg,布鲁内尔体能训练中心,4,11,市北区小港一路25号新街里商业街3层
86438632,https://p0.meituan.net/dpmerchantpic/c0225726ea5b1030f2a2fa769a5a754999056.jpg@275w_157h_1e_1c,中健健身（金石广场店）,4.5,169,黄岛区井冈山路与珠江路交口东南角金石国际广场6楼
186705093,https://p0.meituan.net/dpmerchantpic/fc6a9b375efba6f5150454408f95175a34158.jpg@275w_157h_1e_1c,S-Dream+健身工作室（卓越世纪店）,5,49,市北区龙城路卓越世纪中心4号楼1101
1416547569,https://p1.meituan.net/dpmerchantpic/3592ffa30a02a28db6323fe61121a452194575.jpg,伍佰优品健身（麦凯乐店）,3.5,10,市南区香港中路69号麦凯乐商场8层
93253634,https://p0.meituan.net/dpmerchantpic/851f2530f9c1cb0e9b8dc07a287c3fb2284805.jpg@275w_157h_1e_1c,奥维斯健身俱乐部（水悦城店）,4.3,55,城阳区正阳路水悦城19号楼柯露广场3层
1650953228,https://p1.meituan.net/merchantpic/5f1c7defa0349bdfd2d3e3c1b7939168291589.jpg@275w_157h_1e_1c,欧森健身工作室,5,13,市北区山东路171号戊2-4、5、6、7号
193282237,https://p0.meituan.net/dpmerchantpic/b6b4353a01e4d8f96f5bb77b78877b9c150178.jpg,千遍健身,5,11,市南区闽江路199号
87557805,https://p0.meituan.net/dpmerchantpic/2dc0df6e5e23e3c7dc1e4649b8637cc7305748.jpg@275w_157h_1e_1c,奥本健身（青岛新业店）,3.4,87,市北区辽阳西路100号新业广场1层
179659016,https://p0.meituan.net/merchantpic/959a740ad4a8615e03b4de01b65de093364243.jpg@275w_157h_1e_1c,零度健身工作室（台东店）,4.7,22,市北区昌邑路与利津路交叉口西行30米路北（雒口路公交站点）
191621503,https://p1.meituan.net/merchantpic/c2cb40e431c98ac7521525590b6153e4261412.jpg,HX健身工作室,5,1,崂山区香港东路138号201商铺（金橡酒窖旁）
159564952,https://p1.meituan.net/merchantpic/07d97ad5cc1b84eb1a7bb093b8340caf103256.jpg@275w_157h_1e_1c,睿德时代私教工作室（李村店）,5,161,李沧区金水路1046-2号（胡家小院私房菜旁）
750150195,https://p0.meituan.net/dpmerchantpic/e1845c6780938ef9f222685447bb346a178451.jpg@275w_157h_1e_1c,乐刻健身（大融城店）,3.5,1,市北区敦化路137号卓越大融城3层31-32号
1600557453,https://p0.meituan.net/adunion/b3d6e032592272f38e39ac41cd0f2f15876660.jpg,Kangaroo team健身工作室,4,4,市北区黑龙江路南路2号乙-89户
159980531,https://p0.meituan.net/joymerchant/43eeb37c86a31a3f184f7ceddc5c76eb--1697862745.jpg@275w_157h_1e_1c,星倍力游泳健身会所（黄岛店）,5,819,黄岛区长江中路230号开元名都大酒店6楼（国贸大厦A座/麦凯乐/佳世客/利群/井冈山地铁口）
1678739990,https://p1.meituan.net/merchantpic/f6cd200e9c7673d90723223dc12b513e372544.jpg@275w_157h_1e_1c,MAX重生综合训练中心,4.9,17,黄岛区阿里山路92号3楼
164502769,https://p1.meituan.net/merchantpic/ed15372f2e192d5084eb20189e44c3dc566744.jpg,新零点私人健身工作室,4.6,9,即墨市流浩河三路幸福广场
195030083,https://p1.meituan.net/merchantpic/1371973ff636a8fde5cfc91f139c9fd6420293.jpg@275w_157h_1e_1c,朝阳健身俱乐部,3.9,32,黄岛区滨海大道东方影都万达公馆A2区2039_111
179428013,https://p1.meituan.net/merchantpic/5d6c57c70435a8ab22d1bb242ce027ea502315.jpg@275w_157h_1e_1c,HOT FIT热点健身私教工作室（五四广场店）,5,24,市南区香港中路18号福泰广场A座右侧福泰食街二楼（距离地铁3号线五四广场站200米）
1093419043,https://p0.meituan.net/dpmerchantpic/8deefc45348d715cd29502c28770b8dc119302.jpg,青鲨健身私教工作室（胶东路店）,3.5,2,市北区胶东路街道一号天帝山城14号楼青鲨健身网点
888292316,https://p0.meituan.net/merchantpic/1471564c8e1eb702223bafcccf35402247206.jpg@275w_157h_1e_1c,飞驰卡丁车俱乐部,4.9,136,黄岛区飞驰卡丁车俱乐部
1303342200,https://p0.meituan.net/merchantpic/5929c78bb89bd6e1165526f9a74fec984638368.jpg@275w_157h_1e_1c,海翔力健健身（博悦兰庭店）,3.5,0,李沧区东川路海尔·博悦兰庭8号8-31号
177445067,https://p0.meituan.net/dpmerchantpic/e3c3c4a16c282114b745ef07102a3d4d306685.jpg,健正健身工作室,4.9,23,市北区金华路66-11号（金华路与四流南路交叉口）
174862418,https://p1.meituan.net/dpmerchantpic/66d48fe7685b7d57d31755ded75fab35678633.jpg@275w_157h_1e_1c,金拳套拳馆,5,38,城阳区正阳中路海澜之家东侧
1581421432,https://p0.meituan.net/dpmerchantpic/8548b623d2048023219f970013103328291586.jpg@275w_157h_1e_1c,Qansn全时健身（四方利群店）,4,2,市北区重庆南路1号四方利群广场7层
706420261,https://p0.meituan.net/merchantpic/922f59a30e8a6a783b61dfaa193d1eeb35707.jpg,鑫龙搏击（橙宇运动康复健身工作室）,3.5,5,崂山区香港东路307号农贸市场1楼
1912591438,https://p0.meituan.net/dpmerchantpic/50f5b3b14e67d91f4c371c2b79645eaa845704.jpg@275w_157h_1e_1c,亚特兰大国际健身俱乐部,5,47,胶州市北京东路261号
1087518977,https://p1.meituan.net/merchantpic/d66820f60284d72ae99147e25d147dbb213647.jpg@275w_157h_1e_1c,莫牛健身工作室（澳乐购店）,5,35,黄岛区漓江西路海上嘉年华1158号搜雅美发旁边
1793547233,https://p1.meituan.net/adunion/901c65d2ffae52d092ac460485b16bf41420261.jpg,Crazy space 疯狂空间健身,4,4,市南区香港中路65号-6
73727599,https://p0.meituan.net/merchantpic/bb91362c53d0cbd3b3d3ea3c625e1c5d692797.jpg@275w_157h_1e_1c,私人订制健身工作室,5,128,黄岛区峨眉山路光谷软件园17号楼一层
177477442,https://p1.meituan.net/joymerchant/6a4ad398cb2641b02481f1f59bd0285b-1479478477.jpg@275w_157h_1e_1c,liking fit（御龙广场店）,5,259,胶州市澳门路380号御龙广场内
179571907,https://p1.meituan.net/dpmerchantpic/bd4ed98599ca3ad7a79b26c63ed6271d215640.jpg,EMS黑科技20分钟活力健身（金狮店）,4.5,5,崂山区香港东路195号上实中心6号楼105铺
855251243,https://p1.meituan.net/merchantpic/dc64f24282dcca133408699b92bc0caf186697.jpg@275w_157h_1e_1c,潮庭健身（薛家岛店）,3.5,6,黄岛区长江东路278号
170617876,https://p1.meituan.net/merchantpic/6cc52818f657b6d4c6abc445b01f3411284350.jpg@275w_157h_1e_1c,1707健身俱乐部,4.7,15,黄岛区长江西路157号石油大学西北门对面好望角美食城四楼
1311357605,https://p1.meituan.net/dpmerchantpic/b70cb3934ee81b1ad27f5cd6c914d1431420319.jpg,UNIQUEFIT悠米健身,4.5,3,市北区中央商务区
187185578,https://p0.meituan.net/dpmerchantpic/e35978fd2cba96c2d45ea711e965ccde146823.jpg@275w_157h_1e_1c,无限潜能健身会馆,5,26,李沧区万年泉路237-243号（九水路与万年泉路交界口）
984169984,https://p1.meituan.net/merchantpic/782a6e856bf6ff3b3a03b03af9268d2f204223.jpg@275w_157h_1e_1c,嗨健身运动中心,4.5,2,市南区香港中路36号招银大厦5楼
187732290,https://p1.meituan.net/merchantpic/b52fe9e55f2ab1c774ef04813cb8d1ea6848158.jpg,DC健身私教工作室,4.5,6,市北区劲松三路22号-6（青岛印象山东门商铺）
164731135,https://p1.meituan.net/dpmerchantpic/eb6dae2bf86c1e5d838cc109bb5d24bb131138.jpg@275w_157h_1e_1c,MF魔方运动训练中心,5,66,城阳区春阳路天安数码城7号楼3号大堂409室
165687349,https://p1.meituan.net/merchantpic/a39fb192c90023ea2ebaef8644863f761263306.jpg@275w_157h_1e_1c,重塑健身工作室（春阳路店）,5,82,城阳区春阳路万科春阳花园南一门旁9号楼15号网点
1249003004,https://p0.meituan.net/adunion/189a971b9bfea70e9fdbbdb57d301de3588712.jpg,DazzleKeep健身工作室（丽达店）,3.5,2,市北区延安三路190-1丽达超市正门旁
177898626,https://p1.meituan.net/dpmerchantpic/290cf729923bfbf63dff8db68f780f701261911.jpg@275w_157h_1e_1c,HeyHeroes健身工作室（浮山所店）,5,41,市南区东海西路41号海悦·东海世家2单元1501（五四广场、奥帆中心、海信广场，距离地铁二号线 浮山所站150米）
1916183732,https://p0.meituan.net/merchantpic/6456559952d5cd9c8d26cb87e27dc08c158502.jpg@275w_157h_1e_1c,SUPER引擎健身（尚誉店）,3.5,5,李沧区青岛市李沧区君峰路114号（天都锦茶城C区负一层）
1353132244,https://p1.meituan.net/merchantpic/925c85f1ffde396b389c7c26dd5b593c550181.jpg,ONE MORE健身工作室,4.5,4,市南区闽江路66号丙2楼
1657469239,https://p1.meituan.net/dpmerchantpic/290cf729923bfbf63dff8db68f780f701261911.jpg@275w_157h_1e_1c,HeyHeroes健身工作室（cbd店）,4,1,市北区敦化路诺德广场A座2804（近市北CBD万达 大融城 青岛阜外医院）
1723633012,https://p1.meituan.net/merchantpic/d7bb5faecf770a1c9cd68fd9314eac2d105028.jpg@275w_157h_1e_1c,伍佰优品健身（中联店）,4,18,市南区宁夏路139号-2
91523803,https://p0.meituan.net/dpmerchantpic/9d70f80cf987ba3f61f974249b9c5a5256246.jpg,S·Dream+健身工作室（欧绅旗舰店）,4.4,8,崂山区海尔路金狮广场1楼
189001111,https://p0.meituan.net/merchantpic/462d6b52a622c45e36e7900c98f424c2402917.jpg@275w_157h_1e_1c,爱卓悦自由搏击泰拳俱乐部（市南店）,5,80,市南区香港中路32号五矿大厦305室（银座、家乐福）
178932212,https://p0.meituan.net/dpmerchantpic/01c4146c3f56cc96c4dcadc38f5e54b4662305.jpg@275w_157h_1e_1c,爱尚阳光游泳健身,3,0,城阳区民城路与邵阳路交叉口西20米路南
1881142937,https://p0.meituan.net/dpmerchantpic/43496910812e2a99d02d1269f222737a133195.jpg,AMG健身空间（麦岛店）,4.1,8,崂山区东海中路46号银盛泰中心南侧一层西端区域
233947,https://p1.meituan.net/joymerchant/7008991696441378182-767806-1544166912433.jpg@275w_157h_1e_1c,中联运动公园（市北店）,3.9,303,市北区明霞路37号
836435889,https://p1.meituan.net/merchantpic/4fa38f307648ef79cb96c500cae0020480457.jpg@275w_157h_1e_1c,威枫健身,4.3,14,李沧区重庆中路305-16
1515664106,https://p1.meituan.net/merchantpic/c643a3c8c171bfa0b8d4e39947fb052d453334.jpg,自然力量健身工作室,0,3,市南区香港中路141号
1596968391,https://p1.meituan.net/merchantpic/2eb2cd29fbfbd459f208479bd98a0d52330581.jpg@275w_157h_1e_1c,贝利健身俱乐部（北方国贸购物中心店）,4.8,21,平度市扬州路58号（北方国贸6楼）
1608253482,https://p0.meituan.net/dpmerchantpic/8548b623d2048023219f970013103328291586.jpg@275w_157h_1e_1c,Qansn 全时健身（海琴广场店）,4,4,市北区商丘路29号海琴广场负一层
1139153404,https://p0.meituan.net/dpmerchantpic/8548b623d2048023219f970013103328291586.jpg@275w_157h_1e_1c,Qansn 全时健身（宝龙广场店）,5,87,李沧区九水路227号宝龙广场4楼
1334310138,https://p1.meituan.net/dpmerchantpic/b078a87a1dc3650bf87d55f2e41750b52271170.jpg@275w_157h_1e_1c,UP&UP健身俱乐部减脂训练营,4.5,10,城阳区惜福镇铁骑山路19号
874834554,https://p0.meituan.net/dpmerchantpic/8548b623d2048023219f970013103328291586.jpg@275w_157h_1e_1c,Qansn 全时健身（中海南庄店）,5,33,李沧区天茶山路福林万家二期北门
165002326,https://p1.meituan.net/dpmerchantpic/d932a5e6ba74463a05ef75209347bf09602823.jpg@275w_157h_1e_1c,EMS黑科技20分钟活力健身（万象城店）,4.2,22,市南区山东路6号甲（万象城LG层W时区NG30商铺）
609298359,https://p0.meituan.net/dpmerchantpic/617f80a21e0b2e3ea2ad5486b7678dec216755.jpg@275w_157h_1e_1c,盖德健身 Guide Fitness,4.3,15,市南区福州北路26号
1101258360,https://p0.meituan.net/dpmerchantpic/8548b623d2048023219f970013103328291586.jpg@275w_157h_1e_1c,Qansn 青春系列（高雄路店）,4.6,6,市南区高雄路18号SPR咖啡馆内
1118520075,https://p1.meituan.net/dpmerchantpic/1caa8725838814c0758a3d10b068835d244626.jpg@275w_157h_1e_1c,ALLFIT健身私教工作室（城市传媒广场店）,4.7,14,黄岛区珠江路588号城市传媒广场6楼
1839008979,https://p0.meituan.net/merchantpic/1eb6b8421f29266b21ac242b620fd1bd100259.jpg@275w_157h_1e_1c,Young+健身工作室（颐和国际店）,5,33,市南区南区颐和国际A座1608室
164946592,https://p1.meituan.net/joymerchant/-5181220357096961115-33861846-1515384410059.jpg@275w_157h_1e_1c,优你运动瘦身工作室（万达悦公馆一店）,5,96,李沧区巨峰路173号万达悦公馆南侧50号底商
162700176,https://p1.meituan.net/dpmerchantalbum/670d4cd04535435bd6eed4f544f9c6d53855511.jpg@275w_157h_1e_1c,Liking健身（CBD宇恒店）,4.9,52,市北区徐州北路170号利群宇恒大厦5楼B户（CBD万达斜对面，卓越大融城对面）
1142626018,https://p0.meituan.net/dpmerchantpic/7ecd9bd71dbaf6c1d6781d2eec0f76ee893938.jpg@275w_157h_1e_1c,犀牛格斗,4.5,6,黄岛区富春江购物广场3楼
703222912,https://p1.meituan.net/dpmerchantpic/1caa8725838814c0758a3d10b068835d244626.jpg@275w_157h_1e_1c,Qansn 青春系列（假日优享店）,4.4,130,城阳区兴阳路306号景园假日酒店（世纪公园）
191615964,https://p0.meituan.net/merchantpic/28c7be143f37167cc7758de43fd8b393447317.jpg@275w_157h_1e_1c,S1极速卡丁车俱乐部,5,298,崂山区同安路872号易乐广场3楼
870017122,https://p1.meituan.net/dpmerchantpic/a1310622646da19f6fa02674728b7bca443680.jpg@275w_157h_1e_1c,博洋马术,5,5,李沧区天水路36号世博园六号门内北侧101
165938665,https://p1.meituan.net/dpmerchantpic/2c13670071015349200214904b44a285243122.jpg@275w_157h_1e_1c,ALLFIT瘦身私教健身工作室（崂山店）,4.4,17,崂山区香港东路221号上实海上海小区内
1775021394,https://p0.meituan.net/dpmerchantpic/033293ea8be4a5f790992d788d9d3646923452.jpg@275w_157h_1e_1c,巅峰减重减肥训练营（青岛基地）,3.5,3,黄岛区长江中路185号绅蓝之星
574473995,https://p1.meituan.net/merchantpic/d81166a1b072d60fa5d9c364795949901019511.jpg@275w_157h_1e_1c,名仕台球（银座和谐广场店）,5,361,李沧区向阳路116号银座和谐广场4层
862360472,https://p1.meituan.net/merchantpic/d0787e873ab122d527bbe9eb896b380069852.jpg@275w_157h_1e_1c,得壹游泳健身俱乐部（中泰信大厦店）,4.5,1,市北区金华路中泰信大厦B1
657512546,https://p1.meituan.net/dpmerchantpic/a60cdabd31093d11fdbb823a69e435fe380713.jpg@275w_157h_1e_1c,减肥训练营-减肥达人青岛营地,3.5,0,城阳区兴阳路1107号
775730612,https://p0.meituan.net/merchantpic/2f6c60e660c82ce765f04191dc4de84a236315.jpg@275w_157h_1e_1c,威凯斯健身,4.8,52,黄岛区长江东路716号万科翡翠长江三楼
1998470068,https://p0.meituan.net/dpmerchantpic/5e71b47dca3329d94a990f8a66b295881225017.jpg@275w_157h_1e_1c,威凯斯国际健身,3.5,10,市北区CBD万达4楼
1545406051,https://p0.meituan.net/dpmerchantpic/30667cbb42acaee0391570ff641f5ed61581330.jpg@275w_157h_1e_1c,阿利弓道馆（利群金鼎店）,5,150,崂山区海尔路83号金鼎广场6楼
1651955154,https://p1.meituan.net/merchantpic/963998592ebaf9e3fbc0f8f45ca1514074902.jpg@275w_157h_1e_1c,虹蚁健身（被动房店）,0,2,黄岛区中德生态园被动房小区1号楼
1844252378,https://p1.meituan.net/merchantpic/fd342a7dc6e985afc34bd5a9fb58356f2984519.jpg@275w_157h_1e_1c,Four-Eleven健身工作室,4.9,16,市北区敦化路328号诺德广场B座1012
182065538,https://p0.meituan.net/merchantpic/13360f42923f12f3ac2153471d54fc8a901217.jpg@275w_157h_1e_1c,阳光游泳健身俱乐部,5,40,黄岛区江山南路志贤中学西门
157247185,https://p1.meituan.net/dpmerchantpic/0d0596273784f832d4f76cc5690f3b0d188302.jpg@275w_157h_1e_1c,巅峰游泳运动中心（海尔路店）,3.8,117,崂山区海尔路63号B座2楼、A层
1357895332,https://p0.meituan.net/dpmerchantpic/8fc42183e8a6dafb680c4652a287642c78669.jpg@275w_157h_1e_1c,零度健身工作室,4.6,6,崂山区北村新苑1号楼网点零度健身
179303284,https://p0.meituan.net/msmerchant/17018ec4949bf3ff1ba23f79fd23bc5c41955.jpg@275w_157h_1e_1c,JX健身私教工作室（崂山大拇指店）,4.9,31,崂山区深圳路与香山路交汇处滢海大厦B座6层（大拇指广场、国信体育馆、金狮广场、丽达广场）
165345435,https://p0.meituan.net/dpmerchantpic/f7880fa7503551e19d2116db7f5d69061436186.jpg@275w_157h_1e_1c,梦想心动私教健身工作室,4.7,21,市南区燕儿岛路20号旭泰花园4号楼西单元5层
1862771363,https://p0.meituan.net/dpmerchantpic/8548b623d2048023219f970013103328291586.jpg@275w_157h_1e_1c,Qansn 全时健身（台东万佳店）,4.7,53,市北区和兴路59号台东万佳广场
191672325,https://p0.meituan.net/merchantpic/64ea67dcf4bc09f00fe389c5fdf88154447025.jpg@275w_157h_1e_1c,艾瑞德健身工作室,4.4,19,黄岛区北江路139号
1506321986,https://p0.meituan.net/dpmerchantpic/8548b623d2048023219f970013103328291586.jpg@275w_157h_1e_1c,Qansn 全时健身（青岛大学店）,4.5,17,崂山区麦岛支路46号
1262193296,https://p0.meituan.net/merchantpic/30ef3e2d57d092b739f4bfbdd38cb3ca29814.jpg@275w_157h_1e_1c,NICE健身工作室,4.6,12,崂山区名汇国际2号楼23层2303-2309室
1502576956,https://p0.meituan.net/merchantpic/8e09548ba31b015ec6cb67e05adefe86326355.jpg@275w_157h_1e_1c,新鸿Sinhoon健身俱乐部,3.5,3,崂山区松岭路58号
1654776335,https://p0.meituan.net/merchantpic/3318bf994f0fb65844ca50478a5a098893827.jpg@275w_157h_1e_1c,BINGO缤果健身工作室,4.6,11,市北区黑龙江南路万科国际公园12号-11（农行对面）
1092210486,https://p1.meituan.net/dpmerchantpic/1caa8725838814c0758a3d10b068835d244626.jpg@275w_157h_1e_1c,ALLFIT健身私教工作室（海尔路店）,4.4,7,崂山区海尔路35号成盛花园3号楼网点二楼-1
77312313,https://p0.meituan.net/joymerchant/44a5633058035d47701dd9847afe7bbe--1274983054.jpg@275w_157h_1e_1c,白鲨格斗搏击健身俱乐部旗舰店,4.8,23,"市北区鞍山路108号（鞍山路与镇江北路交叉口,农业银行对面,家乐福）"
97097767,https://p1.meituan.net/dpmerchantpic/56033adfebbd00af9527baf4878b76ec69984.jpg@275w_157h_1e_1c,超人搏击（正阳路馆）,4.7,16,城阳区正阳路民生城市广场B1座702室
1101256969,https://p0.meituan.net/dpmerchantpic/819372abce3d4985b3f8ecb312fcd4f8580950.jpg@275w_157h_1e_1c,悦动体育健身,4.7,51,黄岛区富春江路富春江购物广场5楼
1825346369,https://p1.meituan.net/dpmerchantpic/51a0a2db419c99ae5ad30f08cc93f718517931.jpg@275w_157h_1e_1c,正体健身游泳会所（金华路店）,4.2,5,市北区金华路56号9号楼3层 金域府邸（金华路北）
726372920,https://p1.meituan.net/dpmerchantpic/73f340edcd348d7de8090d852c512f641551562.jpg@275w_157h_1e_1c,源动丽尚健身,4.6,6,黄岛区庐山路6号繁花里瑞源名嘉国际47号
97550930,https://p1.meituan.net/dpmerchantpic/a65b249461b4013efdf3361993c364681961734.jpg@275w_157h_1e_1c,奥海游泳馆,4.4,690,黄岛区凤凰山路45号华夏银行北门入口
153906971,https://p1.meituan.net/joymerchant/2fceae5116528e3b04f5749406f1491f--154761222.jpg@275w_157h_1e_1c,城阳棘洪滩青大社区中心-游泳馆,4.3,48,城阳区棘洪滩街道韩海路青大工业园
1204110343,https://p0.meituan.net/merchantpic/c699391344d00c4e0a319577eb371d5b38227.jpg@275w_157h_1e_1c,战狼ACE搏击俱乐部,3.5,2,黄岛区海南路501-1号
233356,https://p0.meituan.net/dpmerchantpic/d8815c40f45ef267a1e08c7881550952273221.jpg@275w_157h_1e_1c,英派斯健身俱乐部（香港东路店）,4.2,65,崂山区香港东路67号（近金帝山庄）
179077248,https://p1.meituan.net/dpmerchantpic/888125da3691033d42d39b882b24340c150572.jpg@275w_157h_1e_1c,muscle bay健身俱乐部,4.3,33,市南区香港中路12号丰合广场A座12-07
1744562413,https://p1.meituan.net/merchantpic/32d1778574cbe37533f5fdbffda44c7c36296.jpg@275w_157h_1e_1c,青岛市民健身中心,3.5,1,城阳区火炬路318号
194361370,https://p0.meituan.net/dpmerchantpic/5042afce9765ef7c395d42deb8468a7e346780.jpg@275w_157h_1e_1c,新倍力健身（阳光大厦店）,4.5,26,市南区香港中路61号（阳光大厦A座负一楼）
1391205575,https://p1.meituan.net/dpmerchantpic/84761d6a4680fe257c9d41c0b11a21e9468806.jpg@275w_157h_1e_1c,全时游泳培训基地（海尔云街馆）,4,0,市北区重庆南路99号海尔时代广场
1689696929,https://p1.meituan.net/merchantpic/7f1f228a515fd659fe0bedb76555e938592162.jpg@275w_157h_1e_1c,XC健身工作室,4,2,市北区小港一路4号306户
159190419,https://p1.meituan.net/merchantpic/ccd705a96c64f721633550de09c6bd9f1150035.jpg@275w_157h_1e_1c,素简健身工作室,5,105,李沧区青山路616号新海园优盘（万年泉路地铁口）
194532024,https://p1.meituan.net/dpmerchantpic/9db7ad18814c0c64d3b19a54c1973a60579483.jpg@275w_157h_1e_1c,青岛印象健身会所（金沙滩店）,3.5,13,黄岛区嘉陵江路1号
194350913,https://p1.meituan.net/dpmerchantpic/faeaedaf9c211dfc5c60252e5e170453400602.jpg@275w_157h_1e_1c,中田健身工作室（台东店）,4.6,23,市北区营口路22-3号（顺兴路与营口路交叉口）
1389535380,https://p1.meituan.net/dpmerchantpic/84761d6a4680fe257c9d41c0b11a21e9468806.jpg@275w_157h_1e_1c,全时游泳健身（五四广场店）,3.5,1,市南区东海西路太平洋中心
187436955,https://p0.meituan.net/joymerchant/7188e8dea9bfa3cfdf5ec93bf7bcfb11-1973802345.jpg@275w_157h_1e_1c,潮庭健身（国汇店）,3.7,22,黄岛区长江中路485号国汇大厦
191093156,https://p1.meituan.net/dpmerchantpic/f54e8e6ab2e312b5ec769419387b40601627053.jpg@275w_157h_1e_1c,沃虎搏击健身,4.6,23,崂山区银川东路与秦岭路交叉口西南角150米处
1761286110,https://p0.meituan.net/merchantpic/48ce9d7f7a343f93137ce1ca23f5e363389086.jpg@275w_157h_1e_1c,北斗星武搏击俱乐部,5,36,李沧区九水路60-76号
605337979,https://p1.meituan.net/dpmerchantpic/4bb386aa1563bf61f67844472be3b46a206886.jpg@275w_157h_1e_1c,悟·健身工作室,4,7,市北区山东路138号花好月圆29号底商
190704654,https://p0.meituan.net/dpmerchantpic/8548b623d2048023219f970013103328291586.jpg@275w_157h_1e_1c,Qansn全时健身仁洲体育（金茂湾店）,3.5,6,市南区四川路23号金茂湾购物广场中心5F
1229740439,https://p1.meituan.net/dpmerchantpic/654f05acf6a0be647413a1cf56c566cd144742.jpg@275w_157h_1e_1c,Hello卡丁车综合运动体验馆,4.1,20,李沧区九水东路20号东李鞋城4楼
894002133,https://p0.meituan.net/merchantpic/a3f1b7a9466ff0548e11d169b47f42592090209.jpg@275w_157h_1e_1c,猎鹿人弓箭文化俱乐部,5,172,城阳区青威路49号世韩俱乐部院内
164086460,https://p1.meituan.net/merchantpic/db17af37e20a2fc86c4396576ebad55f154562.jpg@275w_157h_1e_1c,欧莱斯游泳健身俱乐部（利群金鼎广场店）,3.6,39,崂山区海尔路83号利群金鼎广场7层
97901919,https://p0.meituan.net/dpmerchantpic/f9bf493a873c6e080e76e567078792c5180266.jpg@275w_157h_1e_1c,克劳斯健身工作室（万象城店）,4.5,20,市南区山东路华润悦府商铺9-2万象城5号门招商银行对面（近五四广场和市政府）
1323810104,https://p0.meituan.net/merchantpic/fd97ce812d64cad899344c1a6ebe62c04072901.jpg@275w_157h_1e_1c,朝阳游泳馆（宏程店）,3.5,2,黄岛区七墩山路603号
724233075,https://p1.meituan.net/dpmerchantpic/e804a6a4b9df4601e858786c889137c526847.jpg@275w_157h_1e_1c,宏帝健身（小港店）,3.5,7,市北区新疆路2号
865096595,https://p0.meituan.net/dpmerchantpic/8548b623d2048023219f970013103328291586.jpg@275w_157h_1e_1c,Qansn 全时健身（万象城店）,3.5,1,市南区闽江二路万象城
40936470,https://p1.meituan.net/merchantpic/ba6679265e82fd9843617a41ebc95763560626.jpg@275w_157h_1e_1c,蓝宝游泳馆,4.2,35,城阳区天风南路与崂水路交叉口东北角
116497325,https://p0.meituan.net/joymerchant/2a6f5ee32bb328ba461f082775f84add-1625481812.jpg@275w_157h_1e_1c,国信体育中心·游泳馆,4.3,43,崂山区银川东路3号
81375145,https://p1.meituan.net/merchantpic/e1b8bbb584b86f02bc425c31bac0c6ee375671.jpg@275w_157h_1e_1c,海翼搏击俱乐部,4,4,黄岛区滨海大道新城吾悦广场4楼
159394475,https://p1.meituan.net/dpmerchantpic/81a1762d5a7380c3e5cb4607c1bc2d631578999.jpg@275w_157h_1e_1c,众硒恩·游泳健身中心,3.5,2,黄岛区太行山路1号泰成喜来登酒店内1楼（索菲亚中心/瑞源大厦/珠江路小学/家佳源/佳世客/利群）距珠江路小学步行270米
1699563536,https://p1.meituan.net/merchantpic/9d9e24c9fa927905a67e254fc8d0a33658760.jpg@275w_157h_1e_1c,Super Hot健身工作室,3.5,3,市南区山东路52号华嘉大厦1605室
1802373917,https://p1.meituan.net/dpmerchantpic/84761d6a4680fe257c9d41c0b11a21e9468806.jpg@275w_157h_1e_1c,全时游泳培训基地（高雄路店）,3.5,0,市南区高雄路18号
1423105441,https://p0.meituan.net/merchantpic/315151d4b98b4d1fd24a1bacbb5fb25c99680.jpg@275w_157h_1e_1c,Young+健身工作室（闽江路店）,4.7,10,市南区闽江路170号二层网点
1778298516,https://p1.meituan.net/dpmerchantpic/0e2af48f73aa3f140616d82605a5accc300911.jpg@275w_157h_1e_1c,元π健身·普拉提工作室,4,7,崂山区辽阳东路20号馨和小区
193863500,https://p0.meituan.net/merchantpic/b43d4fd66f067171b7183f6501f8d2522468709.jpg@275w_157h_1e_1c,丞毅禾健身会所,4.1,8,市南区延安三路105号石油大厦2501室
1137979264,https://p1.meituan.net/dpmerchantpic/faeaedaf9c211dfc5c60252e5e170453400602.jpg@275w_157h_1e_1c,中田健身工作室（远洋风景店）,4,1,崂山区同兴路710-31号
115318343,https://p0.meituan.net/joymerchant/-1451581910237302780-930694-1526634767818.jpg@275w_157h_1e_1c,青岛体育运动中心,5,32,市南区南海路9号（汇泉王朝大酒店一楼）
1242987290,https://p0.meituan.net/merchantpic/001739a983d2602e67904d55bd3db279337070.jpg@275w_157h_1e_1c,MONSTER怪兽体能搏击俱乐部,0,0,黄岛区烟台路478号
185143593,https://p0.meituan.net/dpmerchantpic/176a6fdd3e7d8e5ec898d781b4fcfa4c398247.jpg@275w_157h_1e_1c,奇鱼游泳馆（为明学校店）,3.3,159,黄岛区昆仑山南路为明学校南区东门北行70米路西
159538568,https://p0.meituan.net/dpmerchantpic/3b5f44e6a4b25f2af3cb25b1f7fc9896132357.jpg@275w_157h_1e_1c,IronHill CrossFit铁山综合体能训练馆（广电大厦馆）,4.3,12,市南区宏大路5号 （汇星洗车旁的红色房子）（福林小学旁）
164800979,https://p1.meituan.net/dpmerchantpic/f552ecae250dd52bed92d52a745ebae1457471.jpg@275w_157h_1e_1c,贪食体能健身,4.3,17,崂山区翠岭路银盛泰·新空间68-67号
750644900,https://p1.meituan.net/dpmerchantpic/b180badb25a7764084a38366fd41c1c6110485.jpg@275w_157h_1e_1c,普瑞斯特健身,5,38,即墨市天井山一路456号
1494391277,https://p0.meituan.net/merchantpic/7aa77b0dc4d9b9e658cf8ab38f2343e06177851.jpg@275w_157h_1e_1c,超铁SuperGYM,4.4,5,市南区东海西路49号
1928679942,https://p1.meituan.net/merchantpic/e0e6edb166c5066a5debe5027e2f28df149319.jpg@275w_157h_1e_1c,昆仑格斗搏击,5,22,市北区台柳路543号23-202号
164333819,https://p0.meituan.net/dpmerchantpic/872354f7985552ba84a8e210e36327ff2255595.jpg@275w_157h_1e_1c,维多利亚·毅尚国际健身,4.9,16,胶州市三里河街道绿城1期春晓苑西门105号
1669159938,https://p0.meituan.net/merchantpic/3032323412b5316d1d6ddb2aa5a08ca91589512.jpg@275w_157h_1e_1c,玩崮攀岩,4.7,15,市南区山东路38号百安居二楼
586799111,https://p0.meituan.net/dpmerchantpic/e8eb1ed98f29b372f193eee202527b4e900245.jpg@275w_157h_1e_1c,SO BungeeWorkout室内蹦极运动,4,1,市北区徐州路卓越大融城3F-37（影院电梯旁）
1391620066,https://p1.meituan.net/dpmerchantpic/faeaedaf9c211dfc5c60252e5e170453400602.jpg@275w_157h_1e_1c,中田健身工作室（香港中路店）,4.1,7,市南区香港中路100号中商大厦708室
193214977,https://p1.meituan.net/merchantpic/d829b7fc61888683601d8cd910908731171994.jpg@275w_157h_1e_1c,TR综合格斗健身俱乐部,5,98,市南区东海中路2号环海大厦3层
178182998,https://p0.meituan.net/merchantpic/7a27130415a165df08a9bf881175a7e5253160.jpg@275w_157h_1e_1c,肌肉熊健身,4,3,即墨市蓝鳌路1089号
194351264,https://p1.meituan.net/dpmerchantpic/faeaedaf9c211dfc5c60252e5e170453400602.jpg@275w_157h_1e_1c,中田健身工作室（延吉路店）,4.3,11,市南区延吉路111号雷克顿商务中心526-527室
1932014775,https://p0.meituan.net/dpmerchantpic/8548b623d2048023219f970013103328291586.jpg@275w_157h_1e_1c,Qansn 青春系列（太平洋中心会所店）,4,2,市南区东海西路35号太平洋小区内
192633018,https://p0.meituan.net/joymerchant/8bc9eb98bd45731e2a8782ac34c363b8--1898217318.jpg@275w_157h_1e_1c,青岛聚海游泳馆,4.6,136,崂山区同安路891号
841828075,https://p1.meituan.net/merchantpic/c78a9f7ebae27cfd4b67e7d2c155bdc2106843.jpg@275w_157h_1e_1c,翼锋射箭馆,3.5,1,黄岛区海湾路1888号
1186525328,https://p1.meituan.net/merchantpic/d98eda497161065df52151b1eb1c97831682440.jpg@275w_157h_1e_1c,GD-gym（奥帆中心店）,4.2,15,市南区增城路7号海信燕岛国际公寓(近奥帆中心，五四广场)
233548,https://p0.meituan.net/dpmerchantpic/d8815c40f45ef267a1e08c7881550952273221.jpg@275w_157h_1e_1c,英派斯健身俱乐部（东海路店）,3.9,24,市南区海口路12号（金光·都市名家商铺）
189093964,https://p0.meituan.net/dpmerchantpic/a9b4bbb7a17a31f3bd5cfbd80be9f68a505141.jpg@275w_157h_1e_1c,奥尔维斯国际游泳培训（黄岛校区）,4.3,7,黄岛区金沙滩路902号
153638069,https://p1.meituan.net/merchantpic/60a5ca3b71fd2be347325a87badeb8da862115.jpg@275w_157h_1e_1c,国信体育中心·健身中心,3.5,1,崂山区银川东路3号国信体育中心内
116957427,https://p1.meituan.net/dpmerchantpic/e00a813fcaf9298ba977fa639d234f09679083.jpg@275w_157h_1e_1c,MN健身工作室,4.1,6,崂山区香港东路67号金帝山庄西门门市二楼黑色楼梯（梅岭西路与青大三路交叉路口）
725001021,https://p1.meituan.net/merchantpic/bd8fcf40f852eb4ef6be7b327175d18e199198.jpg@275w_157h_1e_1c,原力健身,4,2,市南区澄海路26-19号
1396915034,https://p1.meituan.net/dpmerchantpic/faeaedaf9c211dfc5c60252e5e170453400602.jpg@275w_157h_1e_1c,中田健身工作室（山东路店）,0,0,市南区闽江路2号2单元502户
1072888269,https://p1.meituan.net/merchantpic/6313319bf547440d5948671f1ac93aae276472.jpg@275w_157h_1e_1c,青岛SPEED ONE卡丁车竞技赛场,4,5,黄岛区西海岸新区金沙滩路966号
194403998,https://p0.meituan.net/merchantpic/22843bef02ec21517848c1846658770f75707.jpg@275w_157h_1e_1c,克劳斯健身工作室（凯德店）,4.3,6,市北区台柳路276号-10
913139255,https://p0.meituan.net/dpmerchantpic/8638952c0a2cea2a2ff522aa685379861619747.jpg@275w_157h_1e_1c,Rather普拉提工作室（五四广场店）,4,1,市南区香港中路8号乙青岛中心商业楼L4-008
175136608,https://p1.meituan.net/merchantpic/a00bd8af78e4f39e372362b5ffaefe99209869.jpg@275w_157h_1e_1c,盛世格斗俱乐部（泛海名人店）,4.4,14,市南区福州南路19号（泛海名人广场4号楼南侧）
1891486556,https://p1.meituan.net/dpmerchantpic/34e5702a03545fe709de6650bfeaebf8386243.jpg@275w_157h_1e_1c,青岛驭林马术运动俱乐部,5,1,市北区哈尔滨路88号保利广场6楼
96872541,https://p0.meituan.net/dpmerchantpic/dcba4b9523bb5e468842524e28420342477605.jpg@275w_157h_1e_1c,SRFT健身工作室,4.1,9,崂山区同安路887号双福大厦B座2单元2层
161106530,https://p1.meituan.net/merchantpic/18075c72c6786e2da4353571a1a952a5132983.jpg@275w_157h_1e_1c,尚群射箭俱乐部（黄岛店）,5,28,黄岛区天目山路302号全民健身中心负一层
543254743,https://p0.meituan.net/merchantpic/756acfb8141f77e1b85800a5e197d841636880.jpg@275w_157h_1e_1c,KRAV MAGA 以色列格斗术,5,2,市南区香港中路26号远雄国际广场商务楼806
66931636,https://p0.meituan.net/merchantpic/443ac2042ab9e8edb1559a8736c5057f2451777.jpg@275w_157h_1e_1c,圣悦雷速卡丁车俱乐部,4.3,213,城阳区黑龙江中路2111鑫江东方城5楼
1895261262,https://p1.meituan.net/dpmerchantpic/faeaedaf9c211dfc5c60252e5e170453400602.jpg@275w_157h_1e_1c,中田健身工作室（海尔路店）,4.5,12,崂山区海尔路63号数码科技B座415户和416户
159297985,https://p0.meituan.net/merchantpic/e9517a21ef98ecc77c8ad87552c2aaec453366.jpg@275w_157h_1e_1c,箭巢射箭俱乐部（青岛银座和谐广场店）,5,403,李沧区向阳路116号银座和谐广场6楼601C
4266262,https://p0.meituan.net/joymerchant/1683822683594783722-28750505-1543885453863.jpg@275w_157h_1e_1c,海绮游泳会馆,3.9,2127,平度市红旗路3号
1166907169,https://p1.meituan.net/dpmerchantpic/51a0a2db419c99ae5ad30f08cc93f718517931.jpg@275w_157h_1e_1c,正体健身游泳俱乐部（胶州店）,0,2,胶州市南坦街127号
179083631,https://p0.meituan.net/merchantpic/bf35dae33abfab72d20196e87e433c88644088.jpg@275w_157h_1e_1c,青岛齐祥马术运动俱乐部,4.6,16,黄岛区薛家岛办事处金沙滩路南庄二村村南
52050023,https://p0.meituan.net/joymerchant/3162873b43a8fa7498bf9d27fb92f772-1095837199.jpg@275w_157h_1e_1c,海极星滑冰世界（海上嘉年华店）,4.1,1927,黄岛区漓江西路1138号海上嘉年华澳乐购p区-E101号（近石油大学）
740374918,https://p0.meituan.net/dpmerchantpic/cbcaa2f6da8e6e19bc06d59db1b916e6628933.jpg@275w_157h_1e_1c,蓝旗体育·篮球馆（萍乡路店）,4.3,44,市北区萍乡路51号（合力达电气院内）
193085406,https://p0.meituan.net/merchantpic/1cb00e117dcfc73ea04a243915f01b0b449042.jpg@275w_157h_1e_1c,Everlast格斗俱乐部,4,1,市北区明霞路37号中联运动公园内
1916284374,https://p0.meituan.net/dpmerchantpic/8b50ca186708334e352c47ade4fd644b2073618.jpg@275w_157h_1e_1c,绿动国际游泳培训基地,0,0,黄岛区珠江路与衡山路交叉口绿地凤栖澜玥会所西门
168284449,https://p0.meituan.net/joymerchant/3015798102621433344-44070021-1533200723801.jpg@275w_157h_1e_1c,青岛刚柔综合格斗俱乐部,4.5,33,崂山区劲松七路237号左岸风度5号楼网点
191178546,https://p0.meituan.net/merchantpic/02525d9e78f3d70419036558b006317b364870.jpg@275w_157h_1e_1c,青岛市南海游泳俱乐部（二体馆）,4.1,34,市北区德平路3号青岛市第二体育场游泳馆
1298177652,https://p0.meituan.net/dpmerchantpic/6dc08ee4d6edd6fc423eac09f47ab6fd475720.jpg@275w_157h_1e_1c,IronHill CrossFit铁山综合体能训练馆（大剧院馆）,0,0,崂山区梅岭东路50号三友公寓1号楼8号网点
954386824,https://p1.meituan.net/dpmerchantpic/161070247117c1b2e85d39c894942597113394.jpg@275w_157h_1e_1c,维氪健身工作室（香港中路店）,3.5,4,市南区香港中路61号远洋大厦B座b1层（近麦凯乐，海信，银座，万象城，卓越购物中心）
88611705,https://p0.meituan.net/merchantpic/3540585b2908922396465cc609fdafc23114532.jpg@275w_157h_1e_1c,K8乔氏台球会所,5,148,李沧区金水路745号
169091070,https://p0.meituan.net/merchantpic/c054fb4597e6bf1c22347f50eae495b73820650.jpg@275w_157h_1e_1c,97board shop长板·滑板·陆地冲浪板,4,0,市南区百丽广场西区1楼-186号
1434814712,https://p1.meituan.net/dpmerchantpic/db84f1e01535680fae0478fbea021b7f983650.jpg@275w_157h_1e_1c,AquaDiving 雅拓潜水,4.1,8,崂山区银川东路3号国信体育中心游泳馆组委会3号口
195927519,https://p1.meituan.net/dpmerchantpic/ee0d3f2a95a99e7a503a1c69c56e382c1197717.jpg@275w_157h_1e_1c,U+体态管理中心,4,0,市南区南京路9号Dr.U博士医美院内
163986125,https://p1.meituan.net/dpmerchantpic/7bf1efb05dd7a1c828f4fc0cbd072f2f157411.jpg@275w_157h_1e_1c,赛艇人·私人订制健身工作室（万象城店）,4.3,14,市南区闽江路2号国华大厦B座8楼801万象城4号门对面（近万象城）
189364096,https://p0.meituan.net/dpmerchantpic/69ad28273c482a714615312995d2a192124956.jpg@275w_157h_1e_1c,搏宁健身（唐岛湾店）,5,13,黄岛区漓江西路678号唐岛湾步行街商业205
1050140173,https://p1.meituan.net/merchantpic/91ed710239635125b627d27aa68742d9373138.jpg@275w_157h_1e_1c,零度台球,5,45,黄岛区紫金山路334号
1042732,https://p1.meituan.net/ugcpic/38ad1004d0f46284c93d1d66dbcf19b2@275w_157h_1e_1c,乔氏名流台球俱乐部,4,8,市北区海伦路与海伦二路交口近海伦广场
100838738,https://p0.meituan.net/merchantpic/0b82f14f6bce7f579f59e3684a425b35258315.jpg@275w_157h_1e_1c,滑翔基地,5,93,即墨市鹤山东路港中旅西侧四舍山
1667327862,https://p0.meituan.net/merchantpic/3ca6b3e76f6bec36ca66ec3261523b5a473541.jpg@275w_157h_1e_1c,VV8台球俱乐部,3,11,城阳区万科魅力新城2期23号楼1单元2层
179537553,https://p0.meituan.net/merchantpic/01cfb628c25971a46824f0e5c00c3f139313644.jpg@275w_157h_1e_1c,秀水苑游泳健身俱乐部,3.5,0,平度市同和路66号（秀水苑贵宾村內）
40058452,https://p0.meituan.net/merchantpic/30c31a0dd43e516787db3033606cd3a6376682.jpg@275w_157h_1e_1c,良友乒乓球活动中心（凯悦中心）,4.2,16,市南区燕儿岛路8号凯悦中心南侧B1层（眼科医院，汉普森英语）
61218448,https://p1.meituan.net/dpmerchantalbum/63ac1fd7c38281d74a6e80c45ad822854233100.jpeg@275w_157h_1e_1c,青岛弓道堂射箭运动俱乐部,5,46,"市北区鞍山二路21-1号（普惠青年公寓一层,唐朝旁边）"
1628192867,https://p1.meituan.net/merchantpic/11f44d04497b0c705aca494cc83c1942223130.jpg@275w_157h_1e_1c,根据地台球吧,4.5,14,崂山区海口路33号麦岛家园18号楼网点3楼（黄蜂电竞对门）
184188922,https://p1.meituan.net/joymerchant/-38732238390486718-48808349-1542637016457.jpg@275w_157h_1e_1c,VIP台球会所,5,774,城阳区城阳区长城路宝龙广场东二门三楼
1636321079,https://p0.meituan.net/merchantpic/807b60039b4e414443636a67a776410149040.jpg@275w_157h_1e_1c,极悦雪室内滑雪空间（市北CBD万达店）,4.6,13,市北区延吉路116号CBD万达广场3F02A
1951127872,https://p0.meituan.net/merchantpic/aa7bf5c15503257ef0c86e7338196b546440160.jpg@275w_157h_1e_1c,金色台球（万科金色广场店）,4,35,市北区重庆南路162号
195165531,https://p1.meituan.net/merchantpic/2b1af9e9f242b5673ddc7cbaadc6c18c457009.jpg@275w_157h_1e_1c,箭巢射箭俱乐部（青岛大融城店）,5,123,市北区龙城路31号卓越大融城2F
1756292870,https://p0.meituan.net/dpmerchantpic/35de29b3bf542fa47036e7f00b11daaa74334.jpg@275w_157h_1e_1c,佩戈工作室,5,26,市北区延吉路81号锦绣大厦A座1002室
533140457,https://p0.meituan.net/merchantpic/a2b27c50da9cf935afb474256dd122561560080.jpg@275w_157h_1e_1c,爱大圣台球星牌俱乐部（南城阳店）,5,408,城阳区虹桥路南城阳花苑南门网点西侧5号（顺天意网吧里边二楼）
1084042700,https://p0.meituan.net/dpmerchantpic/99c8d9e5aa0ac96270e0a1bc87920d4e107260.jpg@275w_157h_1e_1c,绿洲高尔夫运动中心,4,0,黄岛区天目山路中联运动公园
1531903804,https://p1.meituan.net/merchantpic/8f6ec75cbec3c3ef9176ea6add14ae1e1316755.jpg@275w_157h_1e_1c,逸享健身工作室,0,0,市南区漳州一路35号国泰公寓
589528839,https://p1.meituan.net/merchantpic/47f1803121c735e4d4db5709c2958e78931371.jpg@275w_157h_1e_1c,菲勒台球俱乐部,5,97,李沧区北山一路与金岭路交汇处李村街道文化站对面
1083510822,https://p1.meituan.net/dpmerchantpic/3cb6f42df3f5791c37b561c68eaf0d35533435.jpg@275w_157h_1e_1c,星河湾体育馆,0,0,城阳区环湾大道和滨海西路交叉口
612608105,https://p1.meituan.net/merchantpic/d9f2e7289e7b8147abc2e6803801945c901996.jpg@275w_157h_1e_1c,英博台球棋牌俱乐部,4,4,市北区蚌埠路29号市场院内
2575092,https://p0.meituan.net/merchantpic/144b4a5c37d3fd6e12451407a7340a783767681.jpg@275w_157h_1e_1c,开心台球吧,4.7,23,黄岛区武夷山路594号（大地童装街内）
182420111,https://p0.meituan.net/dpmerchantpic/50c5c59488a6f2bfe034406982afb474550078.jpg@275w_157h_1e_1c,维多利亚N·PARK健身·尚瑜伽,0,0,胶州市澳门路298号利群胶州购物广场F4
653028125,https://p0.meituan.net/merchantpic/917e405f82428a049334829e95b18968390879.jpg@275w_157h_1e_1c,洋葱骑士马术俱乐部,5,6,崂山区枣山东路南青岛高尔夫俱乐部总场地东北角
194313203,https://p1.meituan.net/merchantpic/baddd4dff46f5796576a77ee37562c1e1719780.jpg@275w_157h_1e_1c,启航乔氏台球会所,5,100,城阳区春阳路123号城市飞奔运动梦工厂院内
93915017,https://p1.meituan.net/merchantpic/3e22f586a54e8dfcffc7f9c68a4a1474894268.jpg@275w_157h_1e_1c,TOP健身私教工作室,4.1,7,崂山区深圳路香山路交汇滢海大厦A座15层（大拇指广场、国信体育馆. 金狮广场.丽达广场）
979507539,https://p0.meituan.net/dpmerchantpic/913e93db4fba890ff7584f96fa2d8d711121589.jpg@275w_157h_1e_1c,艾克斯康体中心健身工作室（胶东店）,0,0,胶州市204国道三木空港小镇南门东侧106号网点
1755859017,https://p1.meituan.net/merchantpic/7b312f40530967626f9aa3eccb04b662377054.jpg@275w_157h_1e_1c,极速卡丁车俱乐部中心,3.5,8,平度市登州路59号三山众乐世界城市综合体
1170668948,https://p1.meituan.net/merchantpic/836f4b73817900d3c688a6c4443e3c5c368502.jpg@275w_157h_1e_1c,星锐篮球公园,4.3,20,崂山区396省道北宅街道沟崖社区2005号（崂山交警大队南100米，近海洋大学崂山校区）
180364862,https://p0.meituan.net/merchantpic/6d4d6d9b55daec840970f30ba2cd360a207746.jpg@275w_157h_1e_1c,玉顺跆拳道（台东店）,3.5,1,市北区姜沟路43号(荣华小区内)
1058115560,https://p0.meituan.net/merchantpic/9e19aa2259019f797f713197fccb19ea90810.jpg@275w_157h_1e_1c,英伦台球,5,47,李沧区书院路168号
196007989,https://p1.meituan.net/merchantpic/296855d858ec9f770a854952de6fa748199311.jpg@275w_157h_1e_1c,壹號乔氏台球俱乐部,3.6,71,城阳区重庆路与民航路交叉口东50米
163939794,https://p1.meituan.net/joymerchant/-8364759404468948968-30749030-1542956036930.jpg@275w_157h_1e_1c,精英搏击TA1跆拳道（国信体育中心店）,4.5,4,崂山区银川东路3号国信体育中心辅助训练场北侧（国信体育场羽毛球馆）
950403394,https://p1.meituan.net/merchantpic/ccd69a24b2181e53f42bfa5883140d63259831.jpg@275w_157h_1e_1c,星云台球俱乐部,4,10,李沧区中崂路613号
540488861,https://p0.meituan.net/merchantpic/4bf392b4c425e1b08d04264d3f8aec83483616.jpg@275w_157h_1e_1c,开球吧台球室,4.6,11,李沧区黑龙江中路1138号11
926702421,https://p0.meituan.net/merchantpic/c85b2510cee3d5a3793089fa4c8f94dd4736498.jpg@275w_157h_1e_1c,皇后台球休闲俱乐部,0,1,城阳区龙湖·滟澜海岸二期100-7
522558814,https://p0.meituan.net/merchantpic/1cc20828ad27cb505e7e445f313475473897910.jpg@275w_157h_1e_1c,战神搏击俱乐部,5,0,崂山区海口路临68号凯伦花园2号楼2号
1974610,https://p1.meituan.net/joymerchant/-8674549637976052669-26049387-1533394146172.jpg@275w_157h_1e_1c,漫城乔氏台球精酿啤酒吧,5,122,市南区延吉路160号交运山庄
1139614643,https://p0.meituan.net/merchantpic/6db167d63e0ef660a7160efd9b9c68c42966065.jpg@275w_157h_1e_1c,中德文体游泳馆,3.5,1,黄岛区开发区黄浦江路与太行山路交叉路口向西100米（四中南校区内）
705209820,https://p0.meituan.net/merchantpic/9fbce420d15437c1be91351ea1f1337686018.jpg@275w_157h_1e_1c,Breaking乔氏台球会所,4.6,48,市南区东海中路20戌
623111414,https://p0.meituan.net/merchantpic/4fec4f832ec8e31302ca52b29f68e41e3142894.jpg@275w_157h_1e_1c,一家有态度的台球室,5,17,李沧区夏庄路146号3层
892513253,https://p0.meituan.net/merchantpic/fc4507913ff1b25f7060b9ca6e7821e0548158.jpg@275w_157h_1e_1c,星火台球俱乐部,5,518,李沧区古镇路32号如家精选酒店二楼
1755230665,https://p1.meituan.net/merchantpic/16bb4ef9c4db95181d69aa8386fd95c3522878.jpg@275w_157h_1e_1c,于海涛台球休闲会馆（敦化路店）,4.1,36,市北区敦化路79号
5429272,https://p0.meituan.net/shaitu/3ff210a7272c05112cff7a3087adefb774816.jpg@275w_157h_1e_1c,博艺台球俱乐部,4.6,1276,城阳区春阳路翰林院北门佳佳超市二楼（大润发一店东150米，瀚林苑小区北门东侧）
191676379,https://p1.meituan.net/merchantpic/638fd3ff6291edd378db65cf76194a9d882204.jpg@275w_157h_1e_1c,咖乐乔氏台球俱乐部,4.1,16,城阳区正阳路237号宜家99宾馆负一层
1604981904,https://p1.meituan.net/merchantpic/c87084ed39eb6706488ab9c6df28252f47381.jpg@275w_157h_1e_1c,极悦雪室内滑雪空间（海信广场店）,4.6,31,市南区澳门路117号海信广场负一层0032铺
1858523009,https://p1.meituan.net/merchantpic/eb4e387720502734d5b7a18328f6ca85321897.jpg@275w_157h_1e_1c,英湟台球,5,177,李沧区少山路52号英湟大厦7楼
1823280762,https://p1.meituan.net/merchantpic/9fef4b6099cdce3113af9afa95ea1596425191.jpg@275w_157h_1e_1c,曼巴台球,4.7,28,李沧区东北庄路乐客城东门停车场对面
751640361,https://p0.meituan.net/merchantpic/69343518656d1b32fce25360e15aa04e457968.jpg@275w_157h_1e_1c,三联俱乐部,5,29,崂山区金龙路17号02室（2楼）
614497470,https://p1.meituan.net/merchantpic/c7e04e57ec4755090181182fa383d90a854083.jpg@275w_157h_1e_1c,箭巢箭术俱乐部,5,102,崂山区辽阳东路12号大润发商场南50米
194796837,https://p1.meituan.net/merchantpic/8053ff51399099e73bd334dc46ea9fe3209090.jpg@275w_157h_1e_1c,瑞吉山国际滑雪俱乐部,4.7,28,市南区福州南路16号甲1号网点
865425542,https://p1.meituan.net/dpmerchantpic/8f350f3cb36c3080774d3b65a1452bec179201.jpg@275w_157h_1e_1c,悦动国际运动康复中心,4.6,7,市南区东海西路5号甲华银大厦901室
1974481,https://p1.meituan.net/dpmerchantalbum/21169ad2be1a875bc37d55bfcbe7f3aa2525418.jpg@275w_157h_1e_1c,赛点台球俱乐部,4.6,689,市南区漳州二路123号甲负一楼
1846534406,https://p1.meituan.net/dpmerchantpic/46d7f1427f9d9569b711191cf73759fc251217.jpg@275w_157h_1e_1c,黄海水上体育,0,0,市南区澳门路奥帆中心
1591547528,https://p0.meituan.net/merchantpic/13b2bb87f30a75176cf9b6431d47c6d9134490.jpg@275w_157h_1e_1c,吉祥高尔夫俱乐部,0,0,崂山区宁夏路306号
194529152,https://p0.meituan.net/merchantpic/02b9ae76de01cd48f9c3c85288bd5197137323.jpg@275w_157h_1e_1c,扎肯拳击搏击馆,4.8,37,市北区台湛路35号1号楼网店1-1
1309075557,https://p0.meituan.net/merchantpic/81e336e2c2aae40bd8585864588f202a456883.jpg@275w_157h_1e_1c,羿杨射箭休闲娱乐馆,4,4,崂山区东海东路58号极地金岸娱乐港
680786171,https://p0.meituan.net/merchantpic/47ffb4ef44e33f911819cc163cb962b3334394.jpg@275w_157h_1e_1c,琅苑乔氏台球棋牌会所（错埠岭店）,4.7,201,市北区伊春路38号甲
110069452,https://p1.meituan.net/joymerchant/db70db9587915982c82b34c10e30c83d--1017176742.jpg@275w_157h_1e_1c,青岛飞镞射箭俱乐部,4.9,337,市南区漳州一路与漳州路交叉口（星光线咖啡对面负二层）
